licensenumber,job,epid,birthday,name,gender
H48287703,Health and safety adviser,He-f107bfa5,2021-09-12,Kimberly Dyer,F
G32333279,"Accountant, chartered management",Ac-87de0237,1909-12-23,Lisa Giles,F
5872813,Animal technologist,An-35690074,1945-12-20,Jason Stewart,M
T9332875,"Surveyor, rural practice",Su-d92a5138,1926-04-19,Phyllis Clark,F
M277639,Microbiologist,Mi-cedc2152,2000-08-07,Steven Miles,M
U611171,"Engineer, manufacturing systems",En-6e32911f,1964-04-18,Steven Adams,M
664086093,"Therapist, nutritional",Th-c46e47ab,1995-03-10,Joshua Cohen,M
I526-778-00-935-6,Biomedical engineer,Bi-65484c7f,1944-08-11,Alexis Daniel,F
C72828369,Event organiser,Ev-25886983,1923-10-12,Monica Smith,F
Z436993,Community education officer,Co-0cb8b5e5,1946-11-12,Michael Haley,M
F78-601-938,Research scientist (physical sciences),Re-153863de,1984-03-20,Stephen Massey,M
CWC-72-6165,"Engineer, building services",En-76bdf825,1926-03-30,Rachel Hernandez,F
625 937 567,"Librarian, public",Li-396621ba,1958-12-29,John Hunt,M
G05125567,Homeopath,Ho-257177eb,1978-01-01,Jacqueline Smith,F
2496840,Tax inspector,Ta-cd3c4ca4,1968-09-30,Chloe Thompson,F
I323-3801-2843-16,Lexicographer,Le-4b42b535,1939-09-14,Mark Conner,M
30411465,"Surveyor, building",Su-e6c21289,1917-04-20,Robert Moore,M
Q005-2260-7986,Operations geologist,Op-b88e7bc6,1921-11-01,Jason Combs,M
K73-55-2507,"Geneticist, molecular",Ge-6478a68c,1946-09-19,Wayne Noble,M
0774613824131,Health and safety adviser,He-c75afeae,1979-09-17,Garrett Perry,M
0338218X,Early years teacher,Ea-277f5326,1952-12-16,Richard Williams,M
EZ335042,"Restaurant manager, fast food",Re-c95070d9,2015-01-06,Charles Bailey,M
KG545571,Trade mark attorney,Tr-c61f04f9,1956-12-28,George Crosby,M
G465-2046-2348,Public affairs consultant,Pu-b919a201,1919-04-16,Matthew Weber,M
T-044-219-344-863,"Surveyor, insurance",Su-0576440e,1925-09-23,Adam Gonzalez,M
9911145U,Dealer,De-bae7a78b,1926-04-28,Lisa Stewart,F
A785493533,Data scientist,Da-2967a7bc,2021-05-08,Tanya Conrad,F
K25-11-9352,Psychotherapist,Ps-4161a3bb,1938-11-25,Nancy Sexton,F
Q 009 117 797 557,"Embryologist, clinical",Em-5c7d1ec5,1949-04-04,Edward Perez,M
J443-615-73-961-9,Geophysical data processor,Ge-bb056d32,1944-07-06,Kimberly Booker,F
726538108,"Engineer, maintenance",En-89755eb6,2014-02-14,Felicia Henderson,F
26 754 256,Accommodation manager,Ac-1de47548,1950-02-15,Adam Watts,M
H62513758,Civil Service fast streamer,Ci-95e18419,1965-05-27,Brenda Walton,F
069 192 647,Cartographer,Ca-debdf5fc,1910-08-03,Glenda Hughes,F
WDLYHUPFXJDT,General practice doctor,Ge-fc1b6afe,2015-07-10,Nathan Harris,M
L800279452,"Psychotherapist, dance movement",Ps-897b097a,1932-03-29,David Lin,M
WDLYPC8WVGL8,Operations geologist,Op-54d37b1f,1924-04-17,Samantha Johnson,F
652 522 299,Museum/gallery conservator,Mu-7c983a52,1973-06-22,Scott Weaver,M
38-831-4785,Social researcher,So-5d3a134b,1925-06-25,Donald Murphy,M
LAN**IX069Z5,Architect,Ar-4a7ae7c5,1986-06-21,Eric Hamilton,M
4189922,Theme park manager,Th-8cc57fa5,2008-05-28,Robert Richardson,M
146367-388,English as a second language teacher,En-d16d9f25,2004-03-28,Kimberly Munoz,F
05 800 188,Theme park manager,Th-b76e30d4,1928-10-27,Autumn Rivas,F
S851452,"Horticulturist, amenity",Ho-babd07d6,1941-05-30,Abigail Mccullough,F
4044-83-4362,Operations geologist,Op-dca2a339,1952-08-20,Jeremy Hall,M
R592711900242,Restaurant manager,Re-d71e6729,1965-04-08,Laura Thomas,F
18 093 179,Facilities manager,Fa-1a0570a3,2022-06-04,Lisa Preston,F
MWL-83-9115,Set designer,Se-5a2af90d,1946-11-14,Stephen Thompson,M
507FP6670,Government social research officer,Go-d14f93ac,1967-12-28,Erika Luna,F
4600479,Radio producer,Ra-deb1824f,1949-11-10,Victoria Lewis,F
